Recipe Name,Type,Calories,Preparation Time,Ingredients,Allergies/Dietary Restrictions,Directions
Buttermilk Pancakes,Breakfast,470,30-45 minutes,"2 cups all-purpose flour, 3 tablespoons sugar, 1 teaspoons baking powder, 1 teaspoons baking soda, 1 teaspoons kosher salt, 2 cups buttermilk, 2 large eggs, 3 tablespoons unsalted butter, melted vegetable, canola, or coconut oil for the pan","coconut (if use coconut oil), dairy, egg, milk, nuts, soy, wheat","Step 1. Heat the oven to 325 degrees. Whisk flour, sugar, baking powder, baking soda and kosher salt together in a bowl. Using the whisk, make a well in the center. Pour the buttermilk into the well and crack eggs into buttermilk. Pour the melted butter into the mixture. Starting in the center, whisk everything together, moving towards the outside of the bowl, until all ingredients are incorporated. Do not overbeat (lumps are fine). The batter can be refrigerated for up to one hour.; Step 2. Heat a large nonstick griddle or skillet, preferably cast-iron, over low heat for about 5 minutes. Add 1 tablespoon oil to the skillet. Turn heat up to medium-low and using a measuring cup, ladle 1/3 cup batter into the skillet. If you are using a large skillet or a griddle, repeat once or twice, taking care not to crowd the cooking surface.; Step 3. Flip pancakes after bubbles rise to surface and bottoms brown, about 2 to 4 minutes. Cook until the other sides are lightly browned. Remove pancakes to a wire rack set inside a rimmed baking sheet, and keep in heated oven until all the batter is cooked and you are ready to serve."
"Bacon, Egg and Cheese Sandwich",Breakfast,370,25-35 minutes,"2 eggs, 2 tablespoons milk or water, salt and pepper to taste, 3 teaspoons butter at room temperature divided, 4 slices whole wheat or white bread, 2 slices Colby-Jack cheese, 4 slices full-cooked bacon","dairy, egg, pork, wheat","Step 1. In a small bowl, beat eggs, milk, salt, and pepper until blended.; Step 2. In a large nonstick skillet over medium heat, heat 1 teaspoon butter until hot. Pour in egg mixture. As eggs begin to set, gently pull the eggs across the pan with an inverted turner, forming large, soft curds. Continue cooking, pulling, lifting, and folding eggs until thickened and no visible liquid egg remains. Do NOT stir constantly. Remove from skillet.; Step 3. Spread remaining butter evenly on 1 side of each bread slice. Place 2 slices in skillet, buttered side down. Top evenly with scrambled eggs, cheese, and bacon. Cover with remaining bread, buttered side up.; Step 4. Grill sandwiches over medium heat, turning once, until bread is toasted and cheese is melted, 2 to 4 minutes."
Ham and Cheese Omelet,Breakfast,540,10-15 minutes,"1 tablespoon unsalted butter, 1/2 cup ham pieces, 3 medium fresh free-range eggs, kosher salt to taste, freshly ground black pepper to taste, 3/4 cup cheddar cheese","dairy, egg, pork","Step 1. Break eggs into a small bowl. Gently mix with a fork. As mentioned above, do not whisk.; Step 2. Break eggs into a small bowl. Gently mix with a fork. As mentioned above, do not whisk.; Step 3. Tip gently stirred eggs over ham in skillet over medium heat. Using a fork, gently move egg around pan, pushing cooked egg from the pan's bottom and allowing uncooked, liquid egg to run into its place. Gradually, all the eggs will start to set.; Step 4. Immediately once egg starts to set, sprinkle cheese and stop stirring. Let omelet sit for about one minute for heat to start to reach cheese. Sprinkle over a tiny pinch of salt and black pepper.; Step 5. Once cheese is starting to warm, take a spatula and carefully nudge omelet's lower edge two-thirds of the way over.; Step 6. Take a warmed plate, hold skillet over plate and gently tip pan away from you and roll omelet out and over onto plate, so the seam is underneath. This is easier to do than it sounds. Serve omelet immediately."
Avocado Toast,Breakfast,260,20-40 minutes,"Bread, Avocados, Lemon, Salt and Pepper, Eggs","egg, wheat","Step 1. In a non stick skillet, melt 1-2 teaspoons of butter over low heat.; Step 2. In a bowl, crack an egg and whisk it well. Add some salt and pepper to taste. Pour in the whisked eggs into the skillet. As it sets, move the egg with your spatula from side to side to form large, soft curds. Cook until full cooked, but not dry.; Step 3. Top your avocado toast with the egg and sprinkle some pepper flakes, spices or topping of your choice."
Nutella Stuffed French Toast,Breakfast,480,25-40 minutes,"4 slices brioche bread, about 3/4"" to 1"" thick, 4 tablespoons Nutella, 1 egg, 1/2 cup whole milk (or half and half), 1 tablespoon sugar, 1 teaspoon vanilla extract, 1 tablespoon butter, powdered sugar for dusting, berries for garnishing","dairy, egg, hazelnuts, soy, wheat, yeast","Step 1. Spread Nutella in each of the 4 pieces of bread and join them, 2 by 2, like sandwiches.; Step 2. In a shallow bowl, whisk the egg, milk, sugar and vanilla extract until well combined.; Step 3. Dip each sandwich into the custard, letting it saturate on both sides.; Step 4. Preheat a large skillet over medium high heat. Spray with cooking spray and add the butter, swirling the pan to coat the bottom.; Step 5. Once the butter is melted, add the French toasts and cook each side until golden brown (about 1-2 minutes per side).; Step 6. Dust the Nutella French toasts with powdered sugar, top with berries and serve."
Chicken and Rice,Lunch,448,90-120 minutes,"2 teaspoon paprika, 1 teaspoon dried oregano, 1 teaspoon dried thyme, 1/2 teaspoon garlic powder, 1/2 teaspoon onion powder, 1/4 teaspoon salt, 1/4 teaspoon pepper, 1.25 lbs. boneless, skinless chicken thighs (4-5 thighs), 2 tablespoons cooking oil divided, 1 yellow onion diced, 1 cup long-grain white rice (uncooked), 1.75 cups vegetable broth, 1 tablespoon chopped parsley (optional garnish)","chicken, garlic, nuts, rice, seeds; (depending on type of broth, it's usually) celery, garlic","Step 1. Combine the paprika, oregano, thyme, garlic powder, onion powder, salt, and pepper in a small bowl. Coat both sides of the chicken thighs in the seasoning mix.; Step 2. Add 1 Tbsp cooking oil to a deep skillet and heat over medium. Once hot, swirl to coat the surface of the skillet, then add the chicken thighs. Cook the thighs for a few minutes on each side, or until well browned. The chicken does not need to be cooked through at this point.; Step 3. Remove the browned chicken to a clean plate. Reduce the heat to medium-low, add an additional 1 Tbsp cooking oil to the skillet, then add the diced onion. Saute the onion for about 5 minutes, or until softened. Allow the moisture from the onion to dissolve the browned bits from the skillet as you stir.; Step 4. Add the uncooked rice to the skillet and continue to saute for 1-2 minutes more to toast the rice.; Step 5. Add the vegetable broth to the skillet and briefly stir to dissolve any remaining brown bits from the bottom of the skillet.; Step 6. Return the chicken to the skillet, setting it on top of the rice. Place a lid on the skillet, turn the heat up to medium-high, and allow the broth to come up to a full boil.; Step 7. Once boiling, turn the heat down to low and let the chicken and rice continue to simmer over low, without lifting the lid or stirring, for 20 minutes. After 20 minutes, turn off the heat and let it rest, without lifting the lid, for an additional 5 minutes.; Step 8. Finally, remove the lid and fluff the rice around the chicken. Garnish with chopped parsley, if desired, then serve and enjoy!"
Chipotle Bowl,Lunch,665,60-95 minutes,"For the Chicken:, 1 tablespoon vegetable oil, 2 chipotle peppers in adobo finely chopped, 1 teaspoon garlic powder, 1 teaspoon ground cumin, 1/2 teaspoon dried oregano, 1/2 teaspoon black pepper, 1/2 teaspoon kosher salt, 4 boneless skinless chicken thighs (or 3 boneless, skinless chicken breasts), For the Rice:, 1 teaspoon vegetable oil, 1 cup white basmati rice, 2 cups water, 1 lime, 2 tablespoons freshly chopped cilantro, kosher salt to taste For the toppings: 1 cup pinto beans warmed, 1 cup frozen charred corn warmed, 1 cup guacamole, 1 cup pico de gallo, 1/2 to 3/4 cup finely shredded Monterey Jack cheese","dairy, nuts, rice, seeds","For the Chicken:; Step 1. Combine the vegetable oil, chopped chipotle peppers in adobo, garlic powder, cumin, dried oregano, and black pepper in a small bowl and stir to combine; Step 2. Place the chicken in a large zip top plastic bag and add the marinade. Zip the bag and mix the chicken into the marinade. Place it into the fridge and let it marinate for at least 1 hour.; Step 3. Heat an indoor or outdoor grill to about 400 degrees F (medium high heat). Remove the chicken from the marinade and season with salt and pepper. Place the chicken onto the grill and grill 5 to 6 minutes per side, until the chicken is cooked. Remove the chicken from the grill and let rest for 10 minutes.; Step 4. Chop the chicken into small bite sized pieces and use as needed.; For the Rice:; Step 1. In a heavy saucepan, heat the oil over medium heat. Once hot, add the white rice and lime juice and saute for 60 seconds to toast the rice.; Step 2. Add the water and bring the rice to a boil. Cover and reduce the heat to low and cook until the rice is tender and all the water is absorbed.; Step 3. Add in the cilantro and fluff rice with a fork.; To assemble: Arrange equal parts of the white rice and chopped grilled chicken in 4 bowls. Top with equal parts of the pinto beans, corn, guacamole, pico and cheese. Season with salt and pepper as needed and serve immediately."
Chicken Salad Wrap/Sandwich,Lunch,550,20-35 minutes,"Rotisserie chicken, leftover chicken, or poached chicken, Mayo, Cilantro, Carrot, Green onion, Celery, Sour cream or Greek yogurt, Hot sauce, Shredded cheese, Tortillas, Salt, Pepper","chicken, dairy, eggs, nuts, soy, vinegar, wheat","Step 1. In a large bowl combine mayonnaise, cilantro, green onions, celery, carrots, sour cream or Greek yogurt, and hot sauce.; Step 2: Add shredded or chopped chicken and stir to coat. Season with salt and pepper to taste. Refrigerate in a sealed container or cover your bowl with plastic wrap until ready to use.; Step 3. Set your tortillas in front of you. Place the chicken salad mixture in the middle of your tortilla. Sprinkle some cheese on top. Use as much or as little as you want. Pick up the tortilla, adjust the contents, and form it into the shape of a fat cigar. Flip each end up over the top of the filling and roll. Place a few pieces of paper towel on a large enough plate to hold all of your tortillas and set them aside. (Tip: Place seam-side down until you are finished rolling them all up.); Step 4. Place a large skillet over medium heat and coat with cooking spray and sprinkle with a little salt and pepper. Next, grab each rolled tortilla and place them seam side down on the skillet. This part can be a bit messy so move them carefully. Let it cook without moving for a minute or two, then flip your tortilla to brown the other side. Keep cooking until it's golden brown on both sides. Repeat this process until all of your wraps are browned and crisp.; Step 5. Transfer to a serving plate and slice in half if desired. Enjoy!"
Cheesesteak,Lunch,900,30-50 mins,"1 pound ribeye steak sliced extremely thin, 6 slices white American cheese, sliced deli provolone, or some Cheez Whiz (those are the only options), 1 medium yellow onion diced, 2 soft deli rolls sliced most of the way through (if you can find Amoroso brand, great!), salt and pepper, 2 tablespoons neutral vegetable oil, such as canola","beef, dairy, nuts, seeds, wheat","Step 1. Warm the split rolls in a 250 degrees F oven until ready.; Step 2. Heat the oil in a wide-bottomed skillet over medium heat, preferably cast iron. Add the onions and 1/4 teaspoon kosher salt and cook, stirring frequently, until translucent and lightly browned, about 10 to 12 minutes.; Step 3. While the onion is cooking, slice the ribeye into extremely thin strips and pieces. Use ground beef as your inspiration, but stop before the beef reaches quite this size, and before cutting the beef to this smallness makes you insane. (PRO TIP: A fantastic way to thinly slice beef is to slice it frozen. You will have much more control. You can add the frozen beef to the pan.); Step 4. Take the onions out of the pan and set them aside on a dish. Increase the heat to medium high. Add the steak, 1 teaspoon kosher salt, and about 20 turns fresh black pepper. Cook for about 3 minutes, turning the beef occasionally. Stir the onions back into the beef when the steak looks about halfway done.; Step 5. Divide the cooked beef in the pan into two piles, about the length of each roll. Layer cheese slices on top of each, and let the cheese melt over the steak.; Step 6. Lay a split roll over each cheesy pile of beef, so it looks like an upside-down sandwich. Working one sandwich at a time, slide a long spatula beneath one pile of steak, and flip it right-side up onto a plate. Taste for seasoning. Repeat with the second cheesesteak. Serve hot."
Cheeseburger with Fries,Lunch,920,40-60 mins,"2 medium russet potatoes, 8 cups peanut oil for frying, 14 ounces ground chuck or fresh ground beef, 4 thick slices American cheese, 1 teaspoon hot sauce (such as Frank's Red Hot), 1 tablespoon mayonnaise, 2 medium sesame seed burger buns, 1 cup shredded iceberg lettuce, 2 thick slices tomato, 2 tablespoons diced onion, 1 tablespoon pickle slices, 2 teaspoons mustard, 2 teaspoons ketchup, 1 teaspoon kosher salt","beef, dairy, mustard, nuts, peanut, potato, seed, sesame, soy, vinegar, wheat","Step 1. Cut potatoes in 1/2-inch wide strips. Place in a large bowl filled with warm water and soak for 20 minutes.; Step 2. Pour oil in a Dutch oven and heat over medium-high heat until it reaches 350 degrees F (175 degrees C). Line a rimmed baking sheet with paper towels and set a wire rack on top.; Step 3. Drain potatoes well and dry thoroughly with paper towels. Add 1/2 of the dried potatoes to the hot oil and cook, stirring often, until they soften slightly, about 3 minutes. Remove potatoes to the wire rack to drain. Repeat with remaining potatoes. Maintain oil temperature at 350 degrees F (175 degrees C) for finishing fries just before serving.; Step 4. Divide ground chuck into 4 portions and flatten to form 1/4-inch thick patties.; Step 5. Heat a large skillet over medium-high heat. Add burger patties to the hot skillet and cook undisturbed, until a brown crust has formed around the edges, 2 to 3 minutes. Flip, press down with a spatula to flatten, and cook for 2 more minutes. Flip again, press down once more, then top each patty with a slice of cheese. Cook for 1 minute.; Step 6. While the burgers cook, spread mustard and ketchup on bottom halves of the buns. Drizzle hot sauce on the top halves of the buns, then spread mayonnaise over top. Layer with lettuce, tomato slices, pickles, and onions.; Step 7. Invert 1 patty onto a second patty so the cheese sides are touching. Repeat with remaining 2 patties. Place a stacked patty onto each top bun, and cover with a bottom bun, condiment-side down. Wrap burgers in foil.; Step 8. Return fries to the hot oil and cook until golden brown, 3 to 4 minutes. Drain on paper towels and sprinkle with salt. Serve immediately with burgers."
Alfredo Pasta,Dinner,415,Varies,"8 ounce pasta (recommend linguini), 4 tablespoon butter unsalted, 2 cloves garlic minced, 1 1/2 cups milk, 1 cup heavy cream, 1/2 cup Parmesan cheese shredded, 1/4 teaspoon salt or to taste, 1/4 teaspoon pepper or to taste, 2 tablespoons fresh parsley chopped","dairy, egg, garlic, gluten, wheat","Step 1. Boil the pasta in a large pot of salted water. Get this going before you start cooking the chicken and you can add the dried pasta right around the same time you start cooking the chicken breast. Save a cup of the pasta water to thin the sauce if needed.; Step 2. Cook the chicken breasts in a combination of oil and butter for golden crispness. This is our favorite golden, crispy chicken technique. You can read more about it here. You can cover the chicken breasts with foil while you finish the sauce to keep them warm.; Step 3. Pasta is ready, chicken is ready, make your sauce. Once your pasta is cooked and drained, and your chicken is cooked and sliced, the actual Alfredo sauce takes just a few minutes to make in the same skillet you cooked the chicken in. Toss it all in the sauce skillet.; Step 4. When the sauce is nice and thick, add the pasta and a splash of pasta water and toss to coat. You can add the chicken here as well, if desired. Serve immediately."
Barbeque Chicken Pizza,Dinner,680,40-60 minutes,"2 tablespoons olive oil, 1/4 cup yellow cornmeal 1 pound pizza dough, homemade or store-bought 1/2 cup plus 2 tablespoons favorite BBQ sauce (recommend Stubb's) 2 cups leftover shredded rotisserie chicken 1 cup shredded smoked cheddar cheese 1 cup shredded whole milk mozzarella cheese 1/2 cup diced red onion Kosher salt and freshly ground pepper, to taste 3 tablespoons chopped fresh cilantro leaves","(maybe) mustard, nuts, olive, poultry, wheat, yeast","Step 1. Preheat oven to 450 degrees F. Lightly coat a baking sheet or pizza pan with olive oil.; Step 2. Working on a surface that has been sprinkled with cornmeal, roll out the pizza into a 12-inch-diameter round. Transfer to prepared baking sheet or pizza pan.; Step 3. Using a small ladle, spread bbq sauce over the surface of the dough in an even layer, leaving a 1/2-inch border.; Step 4. Top with chicken, cheeses and onion; season with salt and pepper, to taste.; Step 5. Place into oven and bake for 20-24 minutes, or until the crust is golden brown and the cheeses have melted.; Step 6. Serve immediately, garnished with cilantro, if desired."
Texas Red Chilli,Dinner,256,180-200 minutes,"3 teaspoons vegetable oil divided, 5 pounds beef chuck roast trimmed of fat and cut into 1 -inch cubes, 2 teaspoons kosher salt, 2 large onions diced, 1/2 teaspoon kosher salt, 2 chipotles en adobo minced with sauce. 1/2 tablespoons chili powder, 3 tablespoons cumin powder, 1 tablespoon dried oregano, 6 cloves of garlic peeled and minced, 2 jalapeno chiles, minced, 1 (28-ounce) can diced or crushed tomatoes, 4 cups water (or homemade chicken stock, if you have some available), _ cup masa harina (mexican corn flour), 1 teaspoon chili powder, 1/4 cup water, juice of 2 limes, salt and fresh ground black pepper","beef, garlic, jalapeno, nuts, seeds","Step 1. Place dried chiles in a medium bowl and pour hot water over the chiles. Cover the bowl and soak chiles for 30-45 minutes.; Step 2. Drain the chiles discarding the bitter soaking water. Remove the stems and seeds. Place the chiles and fresh water in a food processor or blender. Puree the chiles, adding more water as needed, until a smooth paste. Remove any large pieces of chile skin. Set the chile paste aside.; Step 3. Preheat a large Dutch oven over MEDIUM-HIGH heat until hot. Add oil and Sirloin and brown 8-10 minutes. Work in batches if necessary to avoid overcrowding the pot. Remove beef; set aside.; Step 4. Add the onion to the Dutch oven and cook, stirring occasionally until tender, approximately 4-7 minutes. Add garlic and cook for an additional 1 minute.; Step 5: Add cumin, Mexican oregano, paprika, salt, and pepper. Cook the spices until fragrant. Pour in the chili paste and stir to coat the beef mixture. Add the beer and beef broth and bring to a boil. Reduce the heat to LOW and simmer chili for about 2 hours until Sirloin is tender.; Step 6: Add masa harina to the chili and cook an additional 30 minutes until the chili has thickened.; Step 7: Add desired toppings and serve."
Tacos de Birria,Dinner,570,Varies,"Beef, Chile de arbol, Guajillo, Ancho Chile, Cloves, Cumin, Oregano, Thyme, Bay leaves, White onion, Garlic, Salt, Coriander, Water, Lime wedges (for serving), Cilantro (for serving), Onion (for serving), Corn tortillas, Lard or oil (for frying)","beef, corn, garlic","Step 1. Soak the peppers. Bring a pot of water to a boil and then take it off the heat, soak the dried peppers while you do the next steps.; Step 2. Season the meat. While you wait for the peppers to soak, cube up the roast and season the meat with salt and pepper.; Step 3. Make the marinade. Throw together everything left except the cloves, bay leaves, and cinnamon into a blender. Remove the peppers from the now warm water and let them get cool enough to handle. Hold them by the tip over the sink and cut the tops off with scissors. The seeds will just fall right out. Then drop them into the blender too. Blend it all up into a smooth paste.; Step 4. Marinate the beef overnight. Two hours is good enough too, but longer is always better when it comes to stews.; Step 5. Make the stew. Saute the onions. Onions are the base of all flavor, so make sure they are extra delicious - transparent and golden. Take your time. Then add the meats, cover with chicken stock, and add the last few spices.; Step 6. Once you have the stew, shred your meats. Fry them up too, if you like.; Step 7. Warm up your tortillas. This makes them pliable and soft. We use a tortilla warmer, but you can just wrap them up in damp paper towels and microwave for 30 seconds.; Step 8. Dip and fill. Dip your tortillas in the soup, the fat is near the surface so you don't need to dip too far, but make sure they get coverage. Then top half of the tortilla with beef, onions, cilantro (optional), and cheese (optional).; Step 9. Fold and fry. Fry your tacos in a non stick skillet over medium heat until they crisp up, 2-3 minutes per side. Serve with a side of the stew to use as a dip."
Shrimp Fried Rice,Dinner,330,Varies,"8 ounces small raw shrimp shelled and deveined, 1/2 teaspoon kosher salt, freshly ground black pepper, 1/2 teaspoon cornstarch, 3 tablespoons peanut oil, canola oil, or rice bran oil, 3 large eggs beaten, 2 green onions minced, 4 cups leftover rice grains separated well, 3/4 cup frozen peas and carrots defrosted, 1 tablespoon soy sauce (use gluten-free soy sauce if you are making a gluten-free version) plus more to taste, 1 teaspoon dark toasted sesame oil","eggs, nuts, (if use peanut oil) peanuts, rice, seeds, sesame, shrimp, soy, starch","Step 1. In a medium bowl, sprinkle the shrimp with salt, pepper, and cornstarch, and toss to coat. Set aside to sit for ten minutes at room temperature.; Step 2. Heat a large saute pan or wok (a seasoned cast iron pan or hard anodized aluminum works well, they're relatively stick free and can take the heat) on high heat. When the pan is very hot (a drop of water instantly sizzles when it hits the pan), swirl in one tablespoon of the cooking oil to coat the pan.; Step 3. Add the shrimp to the hot pan, spreading them out quickly in a single layer. Let them fry in the pan without moving them, for 30 seconds. Flip the shrimp over and let them fry on the other side for another 30 seconds or until they are mostly cooked through. (Do not cook them all the way!) Use a slotted spoon to scoop the shrimp out of the pan to a bowl.; Step 4. Return the pan to the burner and lower the heat to medium. Add a little more oil if the pan needs it. Add the beaten eggs and stir them quickly to scramble them while they cook. When the eggs are not quite cooked through, still a bit runny, transfer them from the pan to the bowl with the cooked shrimp.; Step 5. Clean out the pan or wok with paper towels and return it to the burner. Heat the pan on high and when it is hot, swirl in the remaining tablespoon or two of oil. When the oil is shimmering hot (almost smoking), add the green onions and saute for 15 seconds. Then add the leftover cooked rice to the pan and stir with the green onions to mix well. Spread the rice onion mixture over the surface of the pan and let it fry, without moving it. You should hear the rice sizzle. Cook for about 1 to 2 minutes. Use a spatula to turn over the rice, and spread it over the pan again. Let cook for a minute longer.; Step 6. Sprinkle soy sauce on the rice and stir to combine. Add the carrots, peas, shrimp, eggs, and sesame oil, stirring to combine well. Heat everything until sizzling hot. Add more soy sauce to taste."